isabelleyeow,Wed Sep 30 03:33:08 2026 +1000,Update index.html,
isabelleyeow,Wed Sep 30 03:31:29 2026 +1000,Update main.js,
isabelleyeow,Wed Sep 30 03:31:18 2026 +1000,Update main.js,
isabelleyeow,Wed Sep 30 03:31:04 2026 +1000,Update main.js,
isabelleyeow,Wed Sep 30 03:30:40 2026 +1000,Update main.js,
isabelleyeow,Wed Sep 30 03:30:25 2026 +1000,Update main.js,
isabelleyeow,Wed Sep 30 03:30:03 2026 +1000,sound edits,
isabelleyeow,Wed Sep 30 03:29:40 2026 +1000,Update main.js,
isabelleyeow,Wed Sep 30 03:29:30 2026 +1000,Update main.js,
isabelleyeow,Wed Sep 30 03:28:21 2026 +1000,gradient updates,
isabelleyeow,Wed Sep 30 03:26:36 2026 +1000,Update main.js,
isabelleyeow,Wed Sep 30 03:26:14 2026 +1000,Update main.js,
isabelleyeow,Wed Sep 30 03:25:48 2026 +1000,colours simplifying,
isabelleyeow,Wed Sep 30 03:24:42 2026 +1000,additional edits, simplifying everything,
isabelleyeow,Wed Sep 30 03:16:01 2026 +1000,Update main.js,
isabelleyeow,Wed Sep 30 03:15:18 2026 +1000,Update main.js,
isabelleyeow,Wed Sep 30 03:14:47 2026 +1000,Update main.js,
isabelleyeow,Wed Sep 30 03:14:31 2026 +1000,Update main.js,
isabelleyeow,Wed Sep 30 03:14:03 2026 +1000,Update main.js,
isabelleyeow,Wed Sep 30 03:13:22 2026 +1000,Update main.js,
isabelleyeow,Wed Sep 30 03:05:04 2026 +1000,Update main.js,
isabelleyeow,Wed Sep 30 03:04:02 2026 +1000,Update main.js,
isabelleyeow,Wed Sep 30 03:03:39 2026 +1000,Update main.js,
isabelleyeow,Wed Sep 30 03:03:26 2026 +1000,Update main.js,
isabelleyeow,Wed Sep 30 03:03:07 2026 +1000,Update style.css,
isabelleyeow,Wed Sep 30 03:02:24 2026 +1000,Update style.css,
isabelleyeow,Wed Sep 30 03:02:01 2026 +1000,almost invisible clock,
isabelleyeow,Wed Sep 30 03:01:25 2026 +1000,the main circle orb thing,
isabelleyeow,Wed Sep 30 03:00:42 2026 +1000,label updates and edits,
isabelleyeow,Wed Sep 30 03:00:04 2026 +1000,Update style.css,
isabelleyeow,Wed Sep 30 02:59:30 2026 +1000,background and design updates,
isabelleyeow,Wed Sep 30 02:58:58 2026 +1000,Update style.css,
isabelleyeow,Wed Sep 30 02:58:18 2026 +1000,colours,
isabelleyeow,Wed Sep 30 02:57:50 2026 +1000,js linked,
isabelleyeow,Wed Sep 30 02:57:27 2026 +1000,preview different times,
isabelleyeow,Wed Sep 30 02:56:05 2026 +1000,basic instructions and titles,
isabelleyeow,Wed Sep 30 02:54:45 2026 +1000,basic links,
isabelleyeow,Sun Sep 27 22:06:15 2026 +1000,Create index.html,