isabelleyeow,Fri Oct 2 21:18:56 2026 +1000,Create commit_history.csv,
isabelleyeow,Wed Sep 30 22:01:02 2026 +1000,Update main.js,
isabelleyeow,Wed Sep 30 22:00:00 2026 +1000,Update style.css,
isabelleyeow,Wed Sep 30 05:18:44 2026 +1000,Update main.js,
isabelleyeow,Wed Sep 30 05:15:55 2026 +1000,Update main.js,
isabelleyeow,Wed Sep 30 05:15:29 2026 +1000,Update main.js,
isabelleyeow,Wed Sep 30 05:15:17 2026 +1000,Update main.js,
isabelleyeow,Wed Sep 30 05:14:00 2026 +1000,Update main.js,
isabelleyeow,Wed Sep 30 05:13:44 2026 +1000,Update main.js,
isabelleyeow,Wed Sep 30 05:13:29 2026 +1000,Update main.js,
isabelleyeow,Wed Sep 30 05:13:16 2026 +1000,Update main.js,
isabelleyeow,Wed Sep 30 05:13:10 2026 +1000,Update main.js,
isabelleyeow,Wed Sep 30 05:12:30 2026 +1000,Update main.js,
isabelleyeow,Wed Sep 30 04:02:05 2026 +1000,colours and chords,
isabelleyeow,Wed Sep 30 04:01:43 2026 +1000,Update main.js,
isabelleyeow,Wed Sep 30 04:01:30 2026 +1000,Update style.css,
isabelleyeow,Wed Sep 30 04:00:20 2026 +1000,Update style.css,
isabelleyeow,Wed Sep 30 03:59:23 2026 +1000,Update style.css,
isabelleyeow,Wed Sep 30 03:59:19 2026 +1000,Update style.css,
isabelleyeow,Wed Sep 30 03:59:02 2026 +1000,linking and editing again,
isabelleyeow,Wed Sep 30 03:51:03 2026 +1000,Update main.js,
isabelleyeow,Wed Sep 30 03:50:39 2026 +1000,preview layouts,
isabelleyeow,Wed Sep 30 03:49:45 2026 +1000,Update style.css,
isabelleyeow,Wed Sep 30 03:49:26 2026 +1000,titles,
isabelleyeow,Wed Sep 30 03:48:57 2026 +1000,Update index.html,
isabelleyeow,Wed Sep 30 03:48:27 2026 +1000,preview times,
isabelleyeow,Wed Sep 30 03:48:00 2026 +1000,Update index.html,
isabelleyeow,Wed Sep 30 03:46:00 2026 +1000,file adding,